policy,accuracy,macro_precision,macro_recall,macro_f1,micro_precision,micro_recall,micro_f1,weighted_event_score,priority_weighted_precision,priority_weighted_recall,priority_weighted_f1,avg_bytes_per_clip,raw_bytes_per_clip,bandwidth_reduction_vs_always_cloud,cloud_verification_rate,alert_only_rate,embedding_rate,raw_audio_rate,priority_false_positive_cost
always_cloud,0.845,0.8519743606478025,0.8476788124156546,0.8358157332118251,0.845,0.845,0.845,0.8449119373776913,0.8419113575190456,0.8478728561508327,0.8343572011666994,128000.0,128000.0,0.0,1.0,0.0,0.0,1.0,1.0354838709677419
edge_only,0.495,0.4172131147540984,0.5,0.4293706293706293,0.495,0.495,0.495,0.43248532289628244,0.3565175871399014,0.4368932038834952,0.3683209993889606,64.0,128000.0,0.9995,0.0,1.0,0.0,0.0,0.9000000000000005
fixed_threshold,0.87,0.8739167816885208,0.871369770580297,0.8655967730623875,0.87,0.87,0.87,0.8361056751467717,0.8748027263529586,0.8377933257340514,0.8477312952768388,72987.52,128000.0,0.429785,0.57,0.43,0.0,0.57,0.9615384615384616
fixed_triage,0.85,0.8567133020432254,0.857956429535377,0.8492960022712298,0.85,0.85,0.85,0.8400195694716247,0.8481161239376422,0.8442824761680154,0.8381823043413648,72987.52,128000.0,0.429785,0.57,0.43,0.0,0.57,1.09
adaptive_triage,0.9,0.8979300013711778,0.8987642182379025,0.894987067956119,0.9,0.9,0.9,0.8918786692759298,0.904428441822788,0.8908877870553905,0.8941577592418726,69803.52,128000.0,0.45465999999999995,0.62,0.38,0.075,0.545,0.925
