{
  "mode": "demo",
  "best_model_path": "results/smoke_check/best_model.pt",
  "val_accuracy": 0.495,
  "temperature": 0.15104998648166656,
  "policies": {
    "always_cloud": {
      "accuracy": 0.845,
      "macro_precision": 0.8519743606478025,
      "macro_recall": 0.8476788124156546,
      "macro_f1": 0.8358157332118251,
      "micro_precision": 0.845,
      "micro_recall": 0.845,
      "micro_f1": 0.845,
      "weighted_event_score": 0.8449119373776913,
      "priority_weighted_precision": 0.8419113575190456,
      "priority_weighted_recall": 0.8478728561508327,
      "priority_weighted_f1": 0.8343572011666994,
      "avg_bytes_per_clip": 128000.0,
      "raw_bytes_per_clip": 128000.0,
      "bandwidth_reduction_vs_always_cloud": 0.0,
      "cloud_verification_rate": 1.0,
      "alert_only_rate": 0.0,
      "embedding_rate": 0.0,
      "raw_audio_rate": 1.0,
      "priority_false_positive_cost": 1.0354838709677419
    },
    "edge_only": {
      "accuracy": 0.495,
      "macro_precision": 0.4172131147540984,
      "macro_recall": 0.5,
      "macro_f1": 0.4293706293706293,
      "micro_precision": 0.495,
      "micro_recall": 0.495,
      "micro_f1": 0.495,
      "weighted_event_score": 0.43248532289628244,
      "priority_weighted_precision": 0.3565175871399014,
      "priority_weighted_recall": 0.4368932038834952,
      "priority_weighted_f1": 0.3683209993889606,
      "avg_bytes_per_clip": 64.0,
      "raw_bytes_per_clip": 128000.0,
      "bandwidth_reduction_vs_always_cloud": 0.9995,
      "cloud_verification_rate": 0.0,
      "alert_only_rate": 1.0,
      "embedding_rate": 0.0,
      "raw_audio_rate": 0.0,
      "priority_false_positive_cost": 0.9000000000000005
    },
    "fixed_threshold": {
      "accuracy": 0.87,
      "macro_precision": 0.8739167816885208,
      "macro_recall": 0.871369770580297,
      "macro_f1": 0.8655967730623875,
      "micro_precision": 0.87,
      "micro_recall": 0.87,
      "micro_f1": 0.87,
      "weighted_event_score": 0.8361056751467717,
      "priority_weighted_precision": 0.8748027263529586,
      "priority_weighted_recall": 0.8377933257340514,
      "priority_weighted_f1": 0.8477312952768388,
      "avg_bytes_per_clip": 72987.52,
      "raw_bytes_per_clip": 128000.0,
      "bandwidth_reduction_vs_always_cloud": 0.429785,
      "cloud_verification_rate": 0.57,
      "alert_only_rate": 0.43,
      "embedding_rate": 0.0,
      "raw_audio_rate": 0.57,
      "priority_false_positive_cost": 0.9615384615384616
    },
    "fixed_triage": {
      "accuracy": 0.85,
      "macro_precision": 0.8567133020432254,
      "macro_recall": 0.857956429535377,
      "macro_f1": 0.8492960022712298,
      "micro_precision": 0.85,
      "micro_recall": 0.85,
      "micro_f1": 0.85,
      "weighted_event_score": 0.8400195694716247,
      "priority_weighted_precision": 0.8481161239376422,
      "priority_weighted_recall": 0.8442824761680154,
      "priority_weighted_f1": 0.8381823043413648,
      "avg_bytes_per_clip": 72987.52,
      "raw_bytes_per_clip": 128000.0,
      "bandwidth_reduction_vs_always_cloud": 0.429785,
      "cloud_verification_rate": 0.57,
      "alert_only_rate": 0.43,
      "embedding_rate": 0.0,
      "raw_audio_rate": 0.57,
      "priority_false_positive_cost": 1.09
    },
    "adaptive_triage": {
      "accuracy": 0.9,
      "macro_precision": 0.8979300013711778,
      "macro_recall": 0.8987642182379025,
      "macro_f1": 0.894987067956119,
      "micro_precision": 0.9,
      "micro_recall": 0.9,
      "micro_f1": 0.9,
      "weighted_event_score": 0.8918786692759298,
      "priority_weighted_precision": 0.904428441822788,
      "priority_weighted_recall": 0.8908877870553905,
      "priority_weighted_f1": 0.8941577592418726,
      "avg_bytes_per_clip": 69803.52,
      "raw_bytes_per_clip": 128000.0,
      "bandwidth_reduction_vs_always_cloud": 0.45465999999999995,
      "cloud_verification_rate": 0.62,
      "alert_only_rate": 0.38,
      "embedding_rate": 0.075,
      "raw_audio_rate": 0.545,
      "priority_false_positive_cost": 0.925
    }
  }
}