{
  "checkpoint": "results/train_run/best_model.pt",
  "temperature": 1.6074599027633667,
  "dataset_root": "UrbanSound8K",
  "manifest": null,
  "policies": {
    "always_cloud": {
      "accuracy": 0.9008363201911589,
      "macro_precision": 0.8875012281097344,
      "macro_recall": 0.904717687465404,
      "macro_f1": 0.8940772621766465,
      "micro_precision": 0.9008363201911589,
      "micro_recall": 0.9008363201911589,
      "micro_f1": 0.9008363201911589,
      "weighted_event_score": 0.9064187916090931,
      "priority_weighted_precision": 0.8776216186970464,
      "priority_weighted_recall": 0.9140780189344917,
      "priority_weighted_f1": 0.8934581889173776,
      "avg_bytes_per_clip": 128000.0,
      "bandwidth_reduction_vs_always_cloud": 0.0,
      "cloud_upload_rate": 1.0,
      "embedding_route_rate": 0.0,
      "priority_false_positive_cost": 1.0228915662650602
    },
    "edge_only": {
      "accuracy": 0.5937873357228196,
      "macro_precision": 0.6148974724828413,
      "macro_recall": 0.613629544571247,
      "macro_f1": 0.5711686762031767,
      "micro_precision": 0.5937873357228196,
      "micro_recall": 0.5937873357228196,
      "micro_f1": 0.5937873357228196,
      "weighted_event_score": 0.5892475819620655,
      "priority_weighted_precision": 0.5680749572793908,
      "priority_weighted_recall": 0.6281656283763304,
      "priority_weighted_f1": 0.5471475543228329,
      "avg_bytes_per_clip": 64.0,
      "bandwidth_reduction_vs_always_cloud": 0.9995,
      "cloud_upload_rate": 0.0,
      "embedding_route_rate": 0.0,
      "priority_false_positive_cost": 1.1555882352941176
    },
    "fixed_threshold": {
      "accuracy": 0.8805256869772998,
      "macro_precision": 0.8656517154913235,
      "macro_recall": 0.8831189287943563,
      "macro_f1": 0.869123004110574,
      "micro_precision": 0.8805256869772998,
      "micro_recall": 0.8805256869772998,
      "micro_f1": 0.8805256869772998,
      "weighted_event_score": 0.8860695892475806,
      "priority_weighted_precision": 0.8472707974050883,
      "priority_weighted_recall": 0.893351618185866,
      "priority_weighted_f1": 0.8636249893756525,
      "avg_bytes_per_clip": 95901.36200716846,
      "bandwidth_reduction_vs_always_cloud": 0.2507706093189964,
      "cloud_upload_rate": 0.7491039426523297,
      "embedding_route_rate": 0.0,
      "priority_false_positive_cost": 1.063
    },
    "fixed_triage": {
      "accuracy": 0.8626045400238949,
      "macro_precision": 0.853773289686299,
      "macro_recall": 0.867094832408814,
      "macro_f1": 0.8515207439489675,
      "micro_precision": 0.8626045400238949,
      "micro_recall": 0.8626045400238949,
      "micro_f1": 0.8626045400238949,
      "weighted_event_score": 0.863082527320687,
      "priority_weighted_precision": 0.8217815042240163,
      "priority_weighted_recall": 0.8738943717242915,
      "priority_weighted_f1": 0.8356914900501904,
      "avg_bytes_per_clip": 95901.36200716846,
      "bandwidth_reduction_vs_always_cloud": 0.2507706093189964,
      "cloud_upload_rate": 0.7491039426523297,
      "embedding_route_rate": 0.0,
      "priority_false_positive_cost": 1.183478260869565
    },
    "adaptive_triage": {
      "accuracy": 0.8088410991636799,
      "macro_precision": 0.8002500289639857,
      "macro_recall": 0.8166141427881615,
      "macro_f1": 0.7912057678068285,
      "micro_precision": 0.8088410991636799,
      "micro_recall": 0.8088410991636799,
      "micro_f1": 0.8088410991636799,
      "weighted_event_score": 0.8110790101746014,
      "priority_weighted_precision": 0.7641809520216922,
      "priority_weighted_recall": 0.8274938840862983,
      "priority_weighted_f1": 0.7712390613505298,
      "avg_bytes_per_clip": 53747.30704898447,
      "bandwidth_reduction_vs_always_cloud": 0.5800991636798088,
      "cloud_upload_rate": 0.41935483870967744,
      "embedding_route_rate": 0.12783751493428913,
      "priority_false_positive_cost": 1.200625
    }
  }
}