{
  "checkpoint": "results/train_run_improved/best_model.pt",
  "temperature": 1.4646366834640503,
  "dataset_root": "UrbanSound8K",
  "manifest": null,
  "policies": {
    "always_cloud": {
      "accuracy": 0.9008363201911589,
      "macro_precision": 0.8881291785563465,
      "macro_recall": 0.9034672752593954,
      "macro_f1": 0.8937048467258635,
      "micro_precision": 0.9008363201911589,
      "micro_recall": 0.9008363201911589,
      "micro_f1": 0.9008363201911589,
      "weighted_event_score": 0.8910940836578312,
      "priority_weighted_precision": 0.8807157667213338,
      "priority_weighted_recall": 0.8979678092262569,
      "priority_weighted_f1": 0.8867757935236942,
      "avg_bytes_per_clip": 128000.0,
      "raw_bytes_per_clip": 128000.0,
      "bandwidth_reduction_vs_always_cloud": 0.0,
      "cloud_verification_rate": 1.0,
      "alert_only_rate": 0.0,
      "embedding_rate": 0.0,
      "raw_audio_rate": 1.0,
      "priority_false_positive_cost": 0.9722891566265061
    },
    "edge_only": {
      "accuracy": 0.6606929510155317,
      "macro_precision": 0.6875661576300547,
      "macro_recall": 0.6851724287178038,
      "macro_f1": 0.6646334577947487,
      "micro_precision": 0.6606929510155317,
      "micro_recall": 0.6606929510155317,
      "micro_f1": 0.6606929510155317,
      "weighted_event_score": 0.6539379474940322,
      "priority_weighted_precision": 0.6480172384808786,
      "priority_weighted_recall": 0.6939144300345762,
      "priority_weighted_f1": 0.6422451675101938,
      "avg_bytes_per_clip": 64.0,
      "raw_bytes_per_clip": 128000.0,
      "bandwidth_reduction_vs_always_cloud": 0.9995,
      "cloud_verification_rate": 0.0,
      "alert_only_rate": 1.0,
      "embedding_rate": 0.0,
      "raw_audio_rate": 0.0,
      "priority_false_positive_cost": 1.0862676056338028
    },
    "fixed_threshold": {
      "accuracy": 0.8458781362007168,
      "macro_precision": 0.845302351890487,
      "macro_recall": 0.859312494847425,
      "macro_f1": 0.8466971259468729,
      "micro_precision": 0.8458781362007168,
      "micro_recall": 0.8458781362007168,
      "micro_f1": 0.8458781362007168,
      "weighted_event_score": 0.8414772013566129,
      "priority_weighted_precision": 0.8198758613342699,
      "priority_weighted_recall": 0.8625330479449901,
      "priority_weighted_f1": 0.8328641986138412,
      "avg_bytes_per_clip": 61357.11350059737,
      "raw_bytes_per_clip": 128000.0,
      "bandwidth_reduction_vs_always_cloud": 0.5206475507765831,
      "cloud_verification_rate": 0.47909199522102747,
      "alert_only_rate": 0.5209080047789725,
      "embedding_rate": 0.0,
      "raw_audio_rate": 0.47909199522102747,
      "priority_false_positive_cost": 1.0844961240310076
    },
    "fixed_triage": {
      "accuracy": 0.8219832735961768,
      "macro_precision": 0.8245842438841523,
      "macro_recall": 0.8359444051867293,
      "macro_f1": 0.8243717349725621,
      "micro_precision": 0.8219832735961768,
      "micro_recall": 0.8219832735961768,
      "micro_f1": 0.8219832735961768,
      "weighted_event_score": 0.8147217686220313,
      "priority_weighted_precision": 0.7985695304369174,
      "priority_weighted_recall": 0.837594990044739,
      "priority_weighted_f1": 0.8093814749753993,
      "avg_bytes_per_clip": 32511.69414575866,
      "raw_bytes_per_clip": 128000.0,
      "bandwidth_reduction_vs_always_cloud": 0.7460023894862604,
      "cloud_verification_rate": 0.47909199522102747,
      "alert_only_rate": 0.5209080047789725,
      "embedding_rate": 0.22580645161290322,
      "raw_audio_rate": 0.2532855436081243,
      "priority_false_positive_cost": 1.0671140939597314
    },
    "adaptive_triage": {
      "accuracy": 0.8673835125448028,
      "macro_precision": 0.8526124380168156,
      "macro_recall": 0.8763185954963548,
      "macro_f1": 0.8575701690141436,
      "micro_precision": 0.8673835125448028,
      "micro_recall": 0.8673835125448028,
      "micro_f1": 0.8673835125448028,
      "weighted_event_score": 0.8696143700540124,
      "priority_weighted_precision": 0.8217782348624937,
      "priority_weighted_recall": 0.8844075173226574,
      "priority_weighted_f1": 0.8429628688020926,
      "avg_bytes_per_clip": 60470.28912783752,
      "raw_bytes_per_clip": 128000.0,
      "bandwidth_reduction_vs_always_cloud": 0.5275758661887694,
      "cloud_verification_rate": 0.6296296296296297,
      "alert_only_rate": 0.37037037037037035,
      "embedding_rate": 0.15770609318996415,
      "raw_audio_rate": 0.47192353643966545,
      "priority_false_positive_cost": 1.1666666666666667
    }
  }
}