{
  "checkpoint": "results/quick_cpu_train/best_model.pt",
  "temperature": 1.6255649328231812,
  "dataset_root": "UrbanSound8K",
  "manifest": null,
  "policies": {
    "always_cloud": {
      "accuracy": 0.8351254480286738,
      "macro_precision": 0.8233756276042667,
      "macro_recall": 0.8429130775300615,
      "macro_f1": 0.8304408815115301,
      "micro_precision": 0.8351254480286738,
      "micro_recall": 0.8351254480286738,
      "micro_f1": 0.8351254480286738,
      "weighted_event_score": 0.8373319934681562,
      "priority_weighted_precision": 0.8124440739637975,
      "priority_weighted_recall": 0.8513096671056289,
      "priority_weighted_f1": 0.8284688482029459,
      "avg_bytes_per_clip": 128000.0,
      "bandwidth_reduction_vs_always_cloud": 0.0,
      "cloud_upload_rate": 1.0,
      "embedding_route_rate": 0.0,
      "priority_false_positive_cost": 0.9905797101449274
    },
    "edge_only": {
      "accuracy": 0.36917562724014336,
      "macro_precision": 0.4944395553589279,
      "macro_recall": 0.3968742860003062,
      "macro_f1": 0.34618145756211066,
      "micro_precision": 0.36917562724014336,
      "micro_recall": 0.36917562724014336,
      "micro_f1": 0.36917562724014336,
      "weighted_event_score": 0.3900263785956533,
      "priority_weighted_precision": 0.4683747439612969,
      "priority_weighted_recall": 0.442626195354547,
      "priority_weighted_f1": 0.3520527427949829,
      "avg_bytes_per_clip": 64.0,
      "bandwidth_reduction_vs_always_cloud": 0.9995,
      "cloud_upload_rate": 0.0,
      "embedding_route_rate": 0.0,
      "priority_false_positive_cost": 1.0981060606060604
    },
    "fixed_threshold": {
      "accuracy": 0.5364396654719236,
      "macro_precision": 0.6049473865910724,
      "macro_recall": 0.5449196006901508,
      "macro_f1": 0.5073155809291492,
      "micro_precision": 0.5364396654719236,
      "micro_recall": 0.5364396654719236,
      "micro_f1": 0.5364396654719236,
      "weighted_event_score": 0.5525687727672399,
      "priority_weighted_precision": 0.5537731176273853,
      "priority_weighted_recall": 0.5781198360620685,
      "priority_weighted_f1": 0.4894500216140039,
      "avg_bytes_per_clip": 37665.261648745516,
      "bandwidth_reduction_vs_always_cloud": 0.7057401433691757,
      "cloud_upload_rate": 0.2939068100358423,
      "embedding_route_rate": 0.0,
      "priority_false_positive_cost": 1.2494845360824745
    },
    "fixed_triage": {
      "accuracy": 0.6069295101553166,
      "macro_precision": 0.6605920721836321,
      "macro_recall": 0.6187310826885253,
      "macro_f1": 0.5917357618159095,
      "micro_precision": 0.6069295101553166,
      "micro_recall": 0.6069295101553166,
      "micro_f1": 0.6069295101553166,
      "weighted_event_score": 0.6268056776786829,
      "priority_weighted_precision": 0.6076888100128399,
      "priority_weighted_recall": 0.6520728828247535,
      "priority_weighted_f1": 0.5723585754002405,
      "avg_bytes_per_clip": 37732.54958183991,
      "bandwidth_reduction_vs_always_cloud": 0.7052144563918757,
      "cloud_upload_rate": 0.2939068100358423,
      "embedding_route_rate": 0.2628434886499403,
      "priority_false_positive_cost": 1.2759878419452888
    },
    "adaptive_triage": {
      "accuracy": 0.4850657108721625,
      "macro_precision": 0.5841852586881889,
      "macro_recall": 0.50926072471705,
      "macro_f1": 0.47289614614185194,
      "micro_precision": 0.4850657108721625,
      "micro_recall": 0.4850657108721625,
      "micro_f1": 0.4850657108721625,
      "weighted_event_score": 0.5104886320813958,
      "priority_weighted_precision": 0.5517284939433377,
      "priority_weighted_recall": 0.5533940616836277,
      "priority_weighted_f1": 0.47349892941604466,
      "avg_bytes_per_clip": 6093.992831541219,
      "bandwidth_reduction_vs_always_cloud": 0.9523906810035843,
      "cloud_upload_rate": 0.04659498207885305,
      "embedding_route_rate": 0.26881720430107525,
      "priority_false_positive_cost": 1.1201856148491878
    }
  }
}