{
  "checkpoint": "results/train_run_complete/best_model.pt",
  "temperature": 1.3676029443740845,
  "dataset_root": "UrbanSound8K",
  "manifest": null,
  "policies": {
    "always_cloud": {
      "accuracy": 0.8876941457586619,
      "macro_precision": 0.8745786537922896,
      "macro_recall": 0.8923776381184562,
      "macro_f1": 0.881198039170977,
      "micro_precision": 0.8876941457586619,
      "micro_recall": 0.8876941457586619,
      "micro_f1": 0.8876941457586619,
      "weighted_event_score": 0.8915965330988561,
      "priority_weighted_precision": 0.8640915288762098,
      "priority_weighted_recall": 0.8993982223916024,
      "priority_weighted_f1": 0.879215630900614,
      "avg_bytes_per_clip": 128000.0,
      "raw_bytes_per_clip": 128000.0,
      "bandwidth_reduction_vs_always_cloud": 0.0,
      "cloud_verification_rate": 1.0,
      "alert_only_rate": 0.0,
      "embedding_rate": 0.0,
      "raw_audio_rate": 1.0,
      "priority_false_positive_cost": 1.0170212765957447
    },
    "edge_only": {
      "accuracy": 0.5758661887694145,
      "macro_precision": 0.6215986750893308,
      "macro_recall": 0.6078052738814496,
      "macro_f1": 0.5819266380995597,
      "micro_precision": 0.5758661887694145,
      "micro_recall": 0.5758661887694145,
      "micro_f1": 0.5758661887694145,
      "weighted_event_score": 0.5837206381107899,
      "priority_weighted_precision": 0.5855310409115565,
      "priority_weighted_recall": 0.6318929208849178,
      "priority_weighted_f1": 0.5666124250796436,
      "avg_bytes_per_clip": 64.0,
      "raw_bytes_per_clip": 128000.0,
      "bandwidth_reduction_vs_always_cloud": 0.9995,
      "cloud_verification_rate": 0.0,
      "alert_only_rate": 1.0,
      "embedding_rate": 0.0,
      "raw_audio_rate": 0.0,
      "priority_false_positive_cost": 1.1422535211267606
    },
    "fixed_threshold": {
      "accuracy": 0.8136200716845878,
      "macro_precision": 0.82167637389904,
      "macro_recall": 0.8261588553628002,
      "macro_f1": 0.8103851296962971,
      "micro_precision": 0.8136200716845878,
      "micro_recall": 0.8136200716845878,
      "micro_f1": 0.8136200716845878,
      "weighted_event_score": 0.8247707574425326,
      "priority_weighted_precision": 0.813699955889189,
      "priority_weighted_recall": 0.8419291635694047,
      "priority_weighted_f1": 0.8153233783686074,
      "avg_bytes_per_clip": 73585.1660692951,
      "raw_bytes_per_clip": 128000.0,
      "bandwidth_reduction_vs_always_cloud": 0.42511589008363204,
      "cloud_verification_rate": 0.5746714456391876,
      "alert_only_rate": 0.4253285543608124,
      "embedding_rate": 0.0,
      "raw_audio_rate": 0.5746714456391876,
      "priority_false_positive_cost": 0.9487179487179487
    },
    "fixed_triage": {
      "accuracy": 0.7837514934289128,
      "macro_precision": 0.7940514904790542,
      "macro_recall": 0.810831753701021,
      "macro_f1": 0.786210562592393,
      "micro_precision": 0.7837514934289128,
      "micro_recall": 0.7837514934289128,
      "micro_f1": 0.7837514934289128,
      "weighted_event_score": 0.8021605325964071,
      "priority_weighted_precision": 0.7801339938140938,
      "priority_weighted_recall": 0.8378465349025291,
      "priority_weighted_f1": 0.7927471317982923,
      "avg_bytes_per_clip": 41992.56391875747,
      "raw_bytes_per_clip": 128000.0,
      "bandwidth_reduction_vs_always_cloud": 0.6719330943847073,
      "cloud_verification_rate": 0.5746714456391876,
      "alert_only_rate": 0.4253285543608124,
      "embedding_rate": 0.24731182795698925,
      "raw_audio_rate": 0.32735961768219835,
      "priority_false_positive_cost": 0.9983425414364641
    },
    "adaptive_triage": {
      "accuracy": 0.8339307048984468,
      "macro_precision": 0.8153979199273922,
      "macro_recall": 0.8415212197764665,
      "macro_f1": 0.8206422973955183,
      "micro_precision": 0.8339307048984468,
      "micro_recall": 0.8339307048984468,
      "micro_f1": 0.8339307048984468,
      "weighted_event_score": 0.8345685215425191,
      "priority_weighted_precision": 0.7841403336464533,
      "priority_weighted_recall": 0.8480392034784927,
      "priority_weighted_f1": 0.8046677089490665,
      "avg_bytes_per_clip": 66135.39784946236,
      "raw_bytes_per_clip": 128000.0,
      "bandwidth_reduction_vs_always_cloud": 0.4833172043010753,
      "cloud_verification_rate": 0.7240143369175627,
      "alert_only_rate": 0.27598566308243727,
      "embedding_rate": 0.2078853046594982,
      "raw_audio_rate": 0.5161290322580645,
      "priority_false_positive_cost": 1.1338129496402876
    }
  }
}