epoch,train_loss,train_accuracy,val_accuracy
1,1.6335100800760332,0.38429385687143763,0.38948626045400236
2,1.2655417693238105,0.5205826472450918,0.4958183990442055
3,1.0926490022290138,0.5893603546548448,0.5424133811230586
4,0.9891448338185588,0.6325522482583914,0.5113500597371565
5,0.8815232299027904,0.6747308423052565,0.5758661887694145
6,0.8377749376719997,0.6903103229892337,0.5232974910394266
7,0.7738738069611211,0.7223559214692844,0.5531660692951016
8,0.7240687176104514,0.7360354654844838,0.5555555555555556
