{
  "checkpoint": "results/quick_cpu_train/best_model.pt",
  "temperature": 1.6255649328231812,
  "dataset_root": "UrbanSound8K",
  "manifest": null,
  "policies": {
    "always_cloud": {
      "accuracy": 0.8351254480286738,
      "macro_precision": 0.8233756276042667,
      "macro_recall": 0.8429130775300615,
      "macro_f1": 0.8304408815115301,
      "micro_precision": 0.8351254480286738,
      "micro_recall": 0.8351254480286738,
      "micro_f1": 0.8351254480286738,
      "weighted_event_score": 0.8373319934681562,
      "priority_weighted_precision": 0.8124440739637975,
      "priority_weighted_recall": 0.8513096671056289,
      "priority_weighted_f1": 0.8284688482029459,
      "avg_bytes_per_clip": 128000.0,
      "bandwidth_reduction_vs_always_cloud": 0.0,
      "cloud_upload_rate": 1.0,
      "embedding_route_rate": 0.0,
      "priority_false_positive_cost": 0.9905797101449274
    },
    "edge_only": {
      "accuracy": 0.36917562724014336,
      "macro_precision": 0.4944395553589279,
      "macro_recall": 0.3968742860003062,
      "macro_f1": 0.34618145756211066,
      "micro_precision": 0.36917562724014336,
      "micro_recall": 0.36917562724014336,
      "micro_f1": 0.36917562724014336,
      "weighted_event_score": 0.3900263785956533,
      "priority_weighted_precision": 0.4683747439612969,
      "priority_weighted_recall": 0.442626195354547,
      "priority_weighted_f1": 0.3520527427949829,
      "avg_bytes_per_clip": 64.0,
      "bandwidth_reduction_vs_always_cloud": 0.9995,
      "cloud_upload_rate": 0.0,
      "embedding_route_rate": 0.0,
      "priority_false_positive_cost": 1.0981060606060604
    },
    "fixed_threshold": {
      "accuracy": 0.8458781362007168,
      "macro_precision": 0.8308304077007793,
      "macro_recall": 0.8481244950476391,
      "macro_f1": 0.8333894052653387,
      "micro_precision": 0.8458781362007168,
      "micro_recall": 0.8458781362007168,
      "micro_f1": 0.8458781362007168,
      "weighted_event_score": 0.8461248586860941,
      "priority_weighted_precision": 0.798739701117264,
      "priority_weighted_recall": 0.854128666246571,
      "priority_weighted_f1": 0.8170295654776437,
      "avg_bytes_per_clip": 121427.42174432497,
      "bandwidth_reduction_vs_always_cloud": 0.05134826762246125,
      "cloud_upload_rate": 0.948626045400239,
      "embedding_route_rate": 0.0,
      "priority_false_positive_cost": 1.173643410852713
    },
    "fixed_triage": {
      "accuracy": 0.8542413381123058,
      "macro_precision": 0.8423070964936972,
      "macro_recall": 0.870220194561236,
      "macro_f1": 0.8510815482119358,
      "micro_precision": 0.8542413381123058,
      "micro_recall": 0.8542413381123058,
      "micro_f1": 0.8542413381123058,
      "weighted_event_score": 0.8667252857681186,
      "priority_weighted_precision": 0.8290372406055282,
      "priority_weighted_recall": 0.8883896500502482,
      "priority_weighted_f1": 0.852544379295324,
      "avg_bytes_per_clip": 121427.42174432497,
      "bandwidth_reduction_vs_always_cloud": 0.05134826762246125,
      "cloud_upload_rate": 0.948626045400239,
      "embedding_route_rate": 0.0,
      "priority_false_positive_cost": 1.0532786885245902
    },
    "adaptive_triage": {
      "accuracy": 0.8542413381123058,
      "macro_precision": 0.8442919119259924,
      "macro_recall": 0.8654365673839053,
      "macro_f1": 0.8518578062384691,
      "micro_precision": 0.8542413381123058,
      "micro_recall": 0.8542413381123058,
      "micro_f1": 0.8542413381123058,
      "weighted_event_score": 0.8574299711091564,
      "priority_weighted_precision": 0.8417196019719225,
      "priority_weighted_recall": 0.8753829725415916,
      "priority_weighted_f1": 0.854918733274197,
      "avg_bytes_per_clip": 127694.29868578256,
      "bandwidth_reduction_vs_always_cloud": 0.0023882915173237818,
      "cloud_upload_rate": 0.997610513739546,
      "embedding_route_rate": 0.0,
      "priority_false_positive_cost": 0.9254098360655737
    }
  }
}