{
  "checkpoint": "results/train_run/best_model.pt",
  "temperature": 1.3676029443740845,
  "dataset_root": "UrbanSound8K",
  "manifest": null,
  "policies": {
    "always_cloud": {
      "accuracy": 0.8960573476702509,
      "macro_precision": 0.8856835310013625,
      "macro_recall": 0.9018175797029763,
      "macro_f1": 0.8915109135488463,
      "micro_precision": 0.8960573476702509,
      "micro_recall": 0.8960573476702509,
      "micro_f1": 0.8960573476702509,
      "weighted_event_score": 0.9006406230373062,
      "alert_only_rate": 0.0,
      "embedding_rate": 0.0,
      "raw_audio_rate": 1.0,
      "cloud_verification_rate": 1.0,
      "priority_weighted_precision": 0.8760642161944264,
      "priority_weighted_recall": 0.9092329009115071,
      "priority_weighted_f1": 0.8903278057512045,
      "avg_bytes_per_clip": 128000.0,
      "bandwidth_reduction_vs_always_cloud": 0.0,
      "cloud_upload_rate": 1.0,
      "priority_false_positive_cost": 1.011494252873563
    },
    "edge_only": {
      "accuracy": 0.5758661887694145,
      "macro_precision": 0.6215986750893308,
      "macro_recall": 0.6078052738814496,
      "macro_f1": 0.5819266380995597,
      "micro_precision": 0.5758661887694145,
      "micro_recall": 0.5758661887694145,
      "micro_f1": 0.5758661887694145,
      "weighted_event_score": 0.5837206381107899,
      "alert_only_rate": 1.0,
      "embedding_rate": 0.0,
      "raw_audio_rate": 0.0,
      "cloud_verification_rate": 0.0,
      "priority_weighted_precision": 0.5855310409115565,
      "priority_weighted_recall": 0.6318929208849178,
      "priority_weighted_f1": 0.5666124250796436,
      "avg_bytes_per_clip": 64.0,
      "bandwidth_reduction_vs_always_cloud": 0.9995,
      "cloud_upload_rate": 0.0,
      "priority_false_positive_cost": 1.1422535211267606
    },
    "fixed_threshold": {
      "accuracy": 0.8207885304659498,
      "macro_precision": 0.8281279772899742,
      "macro_recall": 0.8344007908466711,
      "macro_f1": 0.8192803854682007,
      "micro_precision": 0.8207885304659498,
      "micro_recall": 0.8207885304659498,
      "micro_f1": 0.8207885304659498,
      "weighted_event_score": 0.8321818866976517,
      "alert_only_rate": 0.4253285543608124,
      "embedding_rate": 0.0,
      "raw_audio_rate": 0.5746714456391876,
      "cloud_verification_rate": 0.5746714456391876,
      "priority_weighted_precision": 0.8249671705955851,
      "priority_weighted_recall": 0.8514625177817441,
      "priority_weighted_f1": 0.8274355115414415,
      "avg_bytes_per_clip": 73585.1660692951,
      "bandwidth_reduction_vs_always_cloud": 0.42511589008363204,
      "cloud_upload_rate": 0.5746714456391876,
      "priority_false_positive_cost": 0.925333333333333
    },
    "adaptive_triage": {
      "accuracy": 0.8482676224611708,
      "macro_precision": 0.8356231025245014,
      "macro_recall": 0.8630425646869002,
      "macro_f1": 0.8400108908538018,
      "micro_precision": 0.8482676224611708,
      "micro_recall": 0.8482676224611708,
      "micro_f1": 0.8482676224611708,
      "weighted_event_score": 0.8562994598668502,
      "alert_only_rate": 0.27120669056152924,
      "embedding_rate": 0.2126642771804062,
      "raw_audio_rate": 0.5161290322580645,
      "cloud_verification_rate": 0.7287933094384708,
      "priority_weighted_precision": 0.8012535556376217,
      "priority_weighted_recall": 0.8758641172897038,
      "priority_weighted_f1": 0.8255077574071492,
      "avg_bytes_per_clip": 66136.31541218638,
      "bandwidth_reduction_vs_always_cloud": 0.48331003584229393,
      "cloud_upload_rate": 0.7287933094384708,
      "priority_false_positive_cost": 1.1999999999999995
    }
  }
}