epoch,train_loss,train_accuracy,val_accuracy
1,1.6788488751457584,0.369261983261476,0.36917562724014336
